game_id,game_order,event,site,date_played,round,white,black,result,white_elo,white_rating_diff,black_elo,black_rating_diff,white_title,black_title,winner,winner_elo,loser,loser_elo,winner_loser_elo_diff,eco,termination,time_control,utc_date,utc_time,variant,ply_count,date_created,file_name
972671be-6ea4-4235-8667-2f8afede4bba,1,Live Chess,Chess.com,2024.08.05,-,ballloverpgo,brxthhh,1/2-1/2,418,,887,,,,draw,,draw,,0,C45,Game drawn by stalemate,600,2024.08.05,03:30:02,,,2024-08-16T10:41:29+0000,ballloverpgo-white.pgn
25f86cde-c5cb-4228-afec-a42ddcf56d11,2,Live Chess,Chess.com,2024.08.05,-,ballloverpgo,krisz0927,0-1,386,,439,,,,krisz0927,439,ballloverpgo,386,53,C40,krisz0927 won - game abandoned,600,2024.08.05,07:45:20,,,2024-08-16T10:41:29+0000,ballloverpgo-white.pgn
e098136b-39fd-402b-b191-226c64ca4196,3,Live Chess,Chess.com,2024.08.06,-,ballloverpgo,brxthhh,1-0,431,,800,,,,ballloverpgo,431,brxthhh,800,-369,C40,ballloverpgo won on time,600,2024.08.06,03:36:00,,,2024-08-16T10:41:29+0000,ballloverpgo-white.pgn
07476af9-01db-4f6d-83d2-d8687834cd90,4,Live Chess,Chess.com,2024.08.08,-,ballloverpgo,brxthhh,0-1,403,,795,,,,brxthhh,795,ballloverpgo,403,392,B01,brxthhh won by checkmate,600,2024.08.08,03:45:21,,,2024-08-16T10:41:29+0000,ballloverpgo-white.pgn
71a92c4a-24ad-4a31-852e-30892133794c,5,Live Chess,Chess.com,2024.08.08,-,ballloverpgo,brxthhh,0-1,399,,829,,,,brxthhh,829,ballloverpgo,399,430,C45,brxthhh won - game abandoned,600,2024.08.08,05:28:05,,,2024-08-16T10:41:29+0000,ballloverpgo-white.pgn
d061040a-ce3c-462a-bfbc-140a6e53609a,6,Live Chess,Chess.com,2024.08.08,-,ballloverpgo,brxthhh,1-0,436,,787,,,,ballloverpgo,436,brxthhh,787,-351,C22,ballloverpgo won by checkmate,600,2024.08.08,07:03:09,,,2024-08-16T10:41:29+0000,ballloverpgo-white.pgn
da769248-037a-4a49-a4b8-f22aa018f008,7,Live Chess,Chess.com,2024.08.08,-,ballloverpgo,brxthhh,0-1,431,,793,,,,brxthhh,793,ballloverpgo,431,362,B02,brxthhh won by checkmate,600,2024.08.08,08:58:33,,,2024-08-16T10:41:29+0000,ballloverpgo-white.pgn
83c379d9-300a-4b04-9a48-724e00b36408,8,Live Chess,Chess.com,2024.08.08,-,ballloverpgo,brxthhh,1/2-1/2,481,,736,,,,draw,,draw,,0,A00,Game drawn by stalemate,600,2024.08.08,09:25:54,,,2024-08-16T10:41:29+0000,ballloverpgo-white.pgn
6c9aa6d2-8fd0-4e16-a3cc-6298fd502e4c,9,Live Chess,Chess.com,2024.08.08,-,ballloverpgo,username_is_pawn,1-0,482,,485,,,,ballloverpgo,482,username_is_pawn,485,-3,B00,ballloverpgo won on time,600,2024.08.08,10:58:52,,,2024-08-16T10:41:29+0000,ballloverpgo-white.pgn
cb385c0c-9195-4d02-99ef-7ece69ded92b,10,Live Chess,Chess.com,2024.08.09,-,ballloverpgo,vusonw,0-1,464,,482,,,,vusonw,482,ballloverpgo,464,18,B02,vusonw won - game abandoned,600,2024.08.09,01:37:24,,,2024-08-16T10:41:29+0000,ballloverpgo-white.pgn
65b3aa56-4c84-4c77-b28f-76428f6f2e0b,11,Live Chess,Chess.com,2024.08.09,-,ballloverpgo,brxthhh,0-1,508,,688,,,,brxthhh,688,ballloverpgo,508,180,B00,brxthhh won by checkmate,600,2024.08.09,09:32:13,,,2024-08-16T10:41:29+0000,ballloverpgo-white.pgn
76a48501-53a1-4bf6-900a-7a37aaa6a6de,12,Live Chess,Chess.com,2024.08.11,-,ballloverpgo,eeeinggimoring,0-1,502,,548,,,,eeeinggimoring,548,ballloverpgo,502,46,C22,eeeinggimoring won by resignation,600,2024.08.11,07:26:05,,,2024-08-16T10:41:29+0000,ballloverpgo-white.pgn
eab71ef3-343f-4836-af66-547e0a42b8bf,13,Live Chess,Chess.com,2024.08.11,-,ballloverpgo,mahdi_l0,1-0,477,,477,,,,ballloverpgo,477,mahdi_l0,477,0,B00,ballloverpgo won by resignation,600,2024.08.11,09:49:11,,,2024-08-16T10:41:29+0000,ballloverpgo-white.pgn
08917589-fc55-416b-b882-bfa3653bff77,14,Live Chess,Chess.com,2024.08.11,-,ballloverpgo,vijaybhai1234,0-1,464,,463,,,,vijaybhai1234,463,ballloverpgo,464,-1,C22,vijaybhai1234 won by checkmate,600,2024.08.11,09:54:21,,,2024-08-16T10:41:29+0000,ballloverpgo-white.pgn
c9397c85-a808-45de-b455-2a2fd84ac414,15,Live Chess,Chess.com,2024.08.11,-,ballloverpgo,GOCI1,0-1,440,,450,,,,GOCI1,450,ballloverpgo,440,10,B07,GOCI1 won - game abandoned,600,2024.08.11,11:06:53,,,2024-08-16T10:41:29+0000,ballloverpgo-white.pgn
e7c1b029-02ad-4178-bb8f-42cadee255f7,16,Live Chess,Chess.com,2024.08.11,-,ballloverpgo,the12561812,1/2-1/2,460,,439,,,,draw,,draw,,0,B02,Game drawn by agreement,600,2024.08.11,11:41:28,,,2024-08-16T10:41:29+0000,ballloverpgo-white.pgn
cce6b57d-a768-4072-b710-8c8f9fdc162b,17,Live Chess,Chess.com,2024.08.11,-,ballloverpgo,ITX-AWAIS,1-0,479,,461,,,,ballloverpgo,479,ITX-AWAIS,461,18,C21,ballloverpgo won by checkmate,600,2024.08.11,15:50:57,,,2024-08-16T10:41:29+0000,ballloverpgo-white.pgn
e7db612d-5bfd-44d0-befc-60c88dfbf421,18,Live Chess,Chess.com,2024.08.11,-,ballloverpgo,SYash076,1-0,489,,475,,,,ballloverpgo,489,SYash076,475,14,B07,ballloverpgo won - game abandoned,600,2024.08.11,15:59:10,,,2024-08-16T10:41:29+0000,ballloverpgo-white.pgn
be10fbc2-8270-458c-b61c-adbd835a2b83,19,Live Chess,Chess.com,2024.08.11,-,ballloverpgo,talat88,0-1,490,,525,,,,talat88,525,ballloverpgo,490,35,B01,talat88 won by resignation,600,2024.08.11,16:04:28,,,2024-08-16T10:41:29+0000,ballloverpgo-white.pgn
6a42761b-3691-4328-839a-69fb8a506e16,20,Live Chess,Chess.com,2024.08.12,-,ballloverpgo,ShineMoonK,0-1,489,,500,,,,ShineMoonK,500,ballloverpgo,489,11,C21,ShineMoonK won - game abandoned,600,2024.08.12,03:00:12,,,2024-08-16T10:41:29+0000,ballloverpgo-white.pgn
bc6be928-d9aa-4384-a6f6-54670a46bfef,21,Live Chess,Chess.com,2024.08.12,-,ballloverpgo,noelroadtograndmaster,0-1,489,,491,,,,noelroadtograndmaster,491,ballloverpgo,489,2,C42,noelroadtograndmaster won - game abandoned,600,2024.08.12,12:42:23,,,2024-08-16T10:41:29+0000,ballloverpgo-white.pgn
cce18b2d-a67e-45a8-a577-d5dab23b65a1,22,Live Chess,Chess.com,2024.08.12,-,ballloverpgo,StoQroCia,0-1,473,,500,,,,StoQroCia,500,ballloverpgo,473,27,C22,StoQroCia won by resignation,600,2024.08.12,15:04:05,,,2024-08-16T10:41:29+0000,ballloverpgo-white.pgn
e7bf5f26-056d-426e-9a98-db1f19173740,23,Live Chess,Chess.com,2024.08.12,-,ballloverpgo,Muthu344,0-1,465,,502,,,,Muthu344,502,ballloverpgo,465,37,C00,Muthu344 won by checkmate,600,2024.08.12,15:06:22,,,2024-08-16T10:41:29+0000,ballloverpgo-white.pgn
abac7104-5b04-4831-99dc-d18ce655846d,24,Live Chess,Chess.com,2024.08.13,-,ballloverpgo,User2432006,1-0,464,,374,,,,ballloverpgo,464,User2432006,374,90,B00,ballloverpgo won by resignation,600,2024.08.13,03:17:47,,,2024-08-16T10:41:29+0000,ballloverpgo-white.pgn
8815586e-2d94-426e-b2bf-8f22a04d37d9,25,Live Chess,Chess.com,2024.08.13,-,ballloverpgo,albsog,0-1,460,,486,,,,albsog,486,ballloverpgo,460,26,C41,albsog won on time,600,2024.08.13,17:12:14,,,2024-08-16T10:41:29+0000,ballloverpgo-white.pgn
a039456e-5f0d-4174-92e1-f024c789bc56,26,Live Chess,Chess.com,2024.08.14,-,ballloverpgo,brxthhh,0-1,456,,654,,,,brxthhh,654,ballloverpgo,456,198,B00,brxthhh won on time,600,2024.08.14,03:58:05,,,2024-08-16T10:41:29+0000,ballloverpgo-white.pgn
2bb5c6c4-83aa-4240-886c-4d76e758e2d4,27,Live Chess,Chess.com,2024.08.14,-,ballloverpgo,username_is_pawn,1-0,460,,541,,,,ballloverpgo,460,username_is_pawn,541,-81,C45,ballloverpgo won by checkmate,600,2024.08.14,07:34:17,,,2024-08-16T10:41:29+0000,ballloverpgo-white.pgn
2a6e40d6-c29c-4cda-be80-7fa9c7520b40,28,Live Chess,Chess.com,2024.08.14,-,ballloverpgo,ParnavaDeychessaccount,0-1,443,,468,,,,ParnavaDeychessaccount,468,ballloverpgo,443,25,C43,ParnavaDeychessaccount won by resignation,600,2024.08.14,13:40:17,,,2024-08-16T10:41:29+0000,ballloverpgo-white.pgn
f6123131-a543-4983-b9af-efa06cca7b14,29,Live Chess,Chess.com,2024.08.16,-,ballloverpgo,brxthhh,0-1,439,,642,,,,brxthhh,642,ballloverpgo,439,203,C22,brxthhh won on time,600,2024.08.16,03:29:45,,,2024-08-16T10:41:29+0000,ballloverpgo-white.pgn
2a8ee45f-1098-4883-bf93-f0767f20ff97,30,Live Chess,Chess.com,2024.08.16,-,ballloverpgo,kruwakruwa,1-0,439,,429,,,,ballloverpgo,439,kruwakruwa,429,10,B01,ballloverpgo won on time,600,2024.08.16,04:58:33,,,2024-08-16T10:41:29+0000,ballloverpgo-white.pgn
f6b835d7-aaf8-4d38-90e8-4d2dc877e6ce,31,Live Chess,Chess.com,2024.08.16,-,ballloverpgo,brxthhh,0-1,427,,646,,,,brxthhh,646,ballloverpgo,427,219,A40,brxthhh won - game abandoned,600,2024.08.16,06:23:23,,,2024-08-16T10:41:29+0000,ballloverpgo-white.pgn
f342efcf-0346-413a-8872-1144f56c6efa,32,Live Chess,Chess.com,2024.08.16,-,ballloverpgo,proo75,0-1,419,,427,,,,proo75,427,ballloverpgo,419,8,C45,proo75 won - game abandoned,600,2024.08.16,09:29:30,,,2024-08-16T10:41:29+0000,ballloverpgo-white.pgn
868197d4-215b-4013-9854-22c637cdbb7d,33,Live Chess,Chess.com,2024.07.29,-,ballloverpgo,username_is_pawn,1-0,319,,387,,,,ballloverpgo,319,username_is_pawn,387,-68,C45,ballloverpgo won on time,600,2024.07.29,04:13:17,,,2024-08-16T10:41:29+0000,ballloverpgo-white.pgn
2addb6bc-b617-4f4d-8c69-2958e2890af1,34,Live Chess,Chess.com,2024.07.30,-,ballloverpgo,username_is_pawn,1-0,400,,427,,,,ballloverpgo,400,username_is_pawn,427,-27,B02,ballloverpgo won on time,600,2024.07.30,10:38:33,,,2024-08-16T10:41:29+0000,ballloverpgo-white.pgn
ac73167a-9d21-4c8e-9708-d16522830a53,35,Live Chess,Chess.com,2024.04.29,-,ballloverpgo,imven_geance,0-1,100,,745,,,,imven_geance,745,ballloverpgo,100,645,C45,imven_geance won by checkmate,300,2024.04.29,15:12:47,,,2024-08-16T10:41:29+0000,ballloverpgo-white.pgn
9bda69a3-d569-44f2-85f1-1faacf3e6b62,36,Live Chess,Chess.com,2023.12.03,-,ballloverpgo,txmppp,0-1,303,,398,,,,txmppp,398,ballloverpgo,303,95,B00,txmppp won - game abandoned,600,2023.12.03,07:12:15,,,2024-08-16T10:41:29+0000,ballloverpgo-white.pgn
23cfdbe1-c445-4641-a347-8daf4e7fd31d,37,Live Chess,Chess.com,2023.09.08,-,ballloverpgo,ZAKIAMR710,0-1,259,,297,,,,ZAKIAMR710,297,ballloverpgo,259,38,C45,ZAKIAMR710 won - game abandoned,600,2023.09.08,16:15:03,,,2024-08-16T10:41:29+0000,ballloverpgo-white.pgn
ad378de9-679c-4710-ad07-8c8befcb9c07,38,Live Chess,Chess.com,2023.09.15,-,ballloverpgo,tingtongmotta,1-0,277,,981,,,,ballloverpgo,277,tingtongmotta,981,-704,C45,ballloverpgo won by resignation,600,2023.09.15,08:49:41,,,2024-08-16T10:41:29+0000,ballloverpgo-white.pgn
e3d50348-5e34-4ebc-a2e8-438072e7bbcb,39,Live Chess,Chess.com,2023.09.16,-,ballloverpgo,tjanimate,1-0,275,,201,,,,ballloverpgo,275,tjanimate,201,74,C20,ballloverpgo won - game abandoned,600,2023.09.16,12:13:51,,,2024-08-16T10:41:29+0000,ballloverpgo-white.pgn
a7a184dd-6277-443a-b448-a8bffbc17ef8,40,Live Chess,Chess.com,2023.09.16,-,ballloverpgo,Edenpinkfetahu,1-0,282,,201,,,,ballloverpgo,282,Edenpinkfetahu,201,81,C45,ballloverpgo won by checkmate,600,2023.09.16,12:20:54,,,2024-08-16T10:41:30+0000,ballloverpgo-white.pgn
4b47afcf-249b-4a7b-8391-827a55dc5101,41,Live Chess,Chess.com,2023.09.21,-,ballloverpgo,RAMCRPF,1-0,313,,313,,,,ballloverpgo,313,RAMCRPF,313,0,C40,ballloverpgo won by resignation,600,2023.09.21,05:49:06,,,2024-08-16T10:41:30+0000,ballloverpgo-white.pgn
52d04874-f8b6-49c9-892f-64369f751e0b,42,Live Chess,Chess.com,2023.08.02,-,ballloverpgo,gruby_na_bramke,0-1,100,,171,,,,gruby_na_bramke,171,ballloverpgo,100,71,B02,gruby_na_bramke won on time,300,2023.08.02,16:22:29,,,2024-08-16T10:41:30+0000,ballloverpgo-white.pgn
c7c967c6-6185-4c8b-b862-74678c5bed58,43,Live Chess,Chess.com,2023.08.20,-,ballloverpgo,BigNig018,0-1,268,,253,,,,BigNig018,253,ballloverpgo,268,-15,C40,BigNig018 won - game abandoned,600,2023.08.20,13:24:15,,,2024-08-16T10:41:30+0000,ballloverpgo-white.pgn
590d1570-b05d-40b7-8783-84d01a282314,44,Live Chess,Chess.com,2023.08.28,-,ballloverpgo,mehmetcungus,1-0,266,,223,,,,ballloverpgo,266,mehmetcungus,223,43,C40,ballloverpgo won - game abandoned,600,2023.08.28,16:20:08,,,2024-08-16T10:41:30+0000,ballloverpgo-white.pgn
4b6c32f7-d949-4d07-b36e-bab5c2adf4b2,45,Live Chess,Chess.com,2023.08.28,-,ballloverpgo,sapunjavimacor,0-1,259,,327,,,,sapunjavimacor,327,ballloverpgo,259,68,C25,sapunjavimacor won - game abandoned,600,2023.08.28,16:22:14,,,2024-08-16T10:41:30+0000,ballloverpgo-white.pgn
05cb4823-edfe-4079-946b-4cc13a6fdd6a,46,Live Chess,Chess.com,2023.08.28,-,ballloverpgo,ffortine,1-0,269,,328,,,,ballloverpgo,269,ffortine,328,-59,C42,ballloverpgo won by checkmate,600,2023.08.28,16:35:28,,,2024-08-16T10:41:30+0000,ballloverpgo-white.pgn
bd8e0808-ec4c-4d05-8cff-c2748b80ba6f,47,Live Chess,Chess.com,2023.08.30,-,ballloverpgo,ReplicaOfLife,1-0,260,,208,,,,ballloverpgo,260,ReplicaOfLife,208,52,C42,ballloverpgo won - game abandoned,600,2023.08.30,09:24:34,,,2024-08-16T10:41:30+0000,ballloverpgo-white.pgn
545b997a-81f1-4b51-9193-d38f1d24e9ef,48,Live Chess,Chess.com,2023.09.01,-,ballloverpgo,Na0gg,1-0,266,,190,,,,ballloverpgo,266,Na0gg,190,76,B02,ballloverpgo won - game abandoned,600,2023.09.01,02:20:32,,,2024-08-16T10:41:30+0000,ballloverpgo-white.pgn
3c5a25b5-aa43-426f-8805-d71900bd6634,49,Live Chess,Chess.com,2023.09.01,-,ballloverpgo,AxlJimenez,1-0,273,,229,,,,ballloverpgo,273,AxlJimenez,229,44,C41,ballloverpgo won - game abandoned,600,2023.09.01,03:02:55,,,2024-08-16T10:41:30+0000,ballloverpgo-white.pgn
41ca9c18-70d1-46ff-96bc-cedae7532d1a,50,Live Chess,Chess.com,2023.07.01,-,ballloverpgo,newplayertii,0-1,344,,348,,,,newplayertii,348,ballloverpgo,344,4,B02,newplayertii won - game abandoned,600,2023.07.01,16:24:14,,,2024-08-16T10:41:30+0000,ballloverpgo-white.pgn
3576097b-9fd9-4f21-9c66-7b07f2b7becb,51,Live Chess,Chess.com,2023.07.02,-,ballloverpgo,JoaoPedroNovais,0-1,335,,303,,,,JoaoPedroNovais,303,ballloverpgo,335,-32,B00,JoaoPedroNovais won - game abandoned,600,2023.07.02,13:28:00,,,2024-08-16T10:41:30+0000,ballloverpgo-white.pgn
68214587-cc34-4102-8710-82bf4b913882,52,Live Chess,Chess.com,2023.07.04,-,ballloverpgo,Raivooo,0-1,323,,419,,,,Raivooo,419,ballloverpgo,323,96,C45,Raivooo won by checkmate,600,2023.07.04,13:38:09,,,2024-08-16T10:41:30+0000,ballloverpgo-white.pgn
875e774c-261b-40ae-86e3-593c825a0686,53,Live Chess,Chess.com,2023.07.04,-,ballloverpgo,Rasko1989,1-0,330,,281,,,,ballloverpgo,330,Rasko1989,281,49,B00,ballloverpgo won by checkmate,600,2023.07.04,13:46:08,,,2024-08-16T10:41:30+0000,ballloverpgo-white.pgn
43bacfa1-11ed-4c62-8ae1-f82fc7ecd648,54,Live Chess,Chess.com,2023.07.04,-,ballloverpgo,miche2904,0-1,322,,347,,,,miche2904,347,ballloverpgo,322,25,C41,miche2904 won by resignation,600,2023.07.04,13:52:51,,,2024-08-16T10:41:30+0000,ballloverpgo-white.pgn
22c1079f-46af-4db6-a5b2-5cad79b417a3,55,Live Chess,Chess.com,2023.07.09,-,ballloverpgo,ylli22,0-1,314,,317,,,,ylli22,317,ballloverpgo,314,3,B02,ylli22 won - game abandoned,600,2023.07.09,13:02:55,,,2024-08-16T10:41:30+0000,ballloverpgo-white.pgn
cc3f1598-78d0-43d5-a47a-08973d10d730,56,Live Chess,Chess.com,2023.07.14,-,ballloverpgo,mokuska123,0-1,290,,283,,,,mokuska123,283,ballloverpgo,290,-7,C42,mokuska123 won on time,600,2023.07.14,13:34:12,,,2024-08-16T10:41:30+0000,ballloverpgo-white.pgn
7b3de281-ea4b-4e35-b5d9-75cb6b6a1547,57,Live Chess,Chess.com,2023.07.29,-,ballloverpgo,luka_boz,0-1,106,,156,,,,luka_boz,156,ballloverpgo,106,50,C45,luka_boz won by resignation,300,2023.07.29,08:25:13,,,2024-08-16T10:41:30+0000,ballloverpgo-white.pgn
1fa3c886-5ec8-41df-abf5-8a6437c4490e,58,Live Chess,Chess.com,2023.07.29,-,ballloverpgo,alia0542,0-1,100,,109,,,,alia0542,109,ballloverpgo,100,9,C45,alia0542 won - game abandoned,300,2023.07.29,08:28:56,,,2024-08-16T10:41:30+0000,ballloverpgo-white.pgn
8ea2a2c8-8519-4c27-a6d8-d0a8e2c20e3e,59,Live Chess,Chess.com,2023.06.03,-,ballloverpgo,jrpm68,1-0,441,,451,,,,ballloverpgo,441,jrpm68,451,-10,B01,ballloverpgo won by resignation,600,2023.06.03,12:39:09,,,2024-08-16T10:41:30+0000,ballloverpgo-white.pgn
f9b63156-edd4-4ceb-9e69-fe283c9569d2,60,Live Chess,Chess.com,2023.06.04,-,ballloverpgo,Ihtishamchowdhury123,1-0,442,,438,,,,ballloverpgo,442,Ihtishamchowdhury123,438,4,C22,ballloverpgo won by checkmate,600,2023.06.04,04:51:05,,,2024-08-16T10:41:30+0000,ballloverpgo-white.pgn
2b967071-2d96-4db2-8e22-80dc6c8854ad,61,Live Chess,Chess.com,2023.06.05,-,ballloverpgo,jainul7,0-1,426,,439,,,,jainul7,439,ballloverpgo,426,13,C20,jainul7 won by resignation,600,2023.06.05,12:42:13,,,2024-08-16T10:41:30+0000,ballloverpgo-white.pgn
5c1bd41d-f5bf-4024-8675-e3a133d33edf,62,Live Chess,Chess.com,2023.06.05,-,ballloverpgo,Blessading,0-1,418,,429,,,,Blessading,429,ballloverpgo,418,11,C45,Blessading won by resignation,600,2023.06.05,12:45:23,,,2024-08-16T10:41:30+0000,ballloverpgo-white.pgn
8b54b132-0419-4486-9821-f7791ae55f90,63,Live Chess,Chess.com,2023.06.06,-,ballloverpgo,Get0Deleted,1-0,426,,407,,,,ballloverpgo,426,Get0Deleted,407,19,B02,ballloverpgo won by resignation,600,2023.06.06,01:01:16,,,2024-08-16T10:41:30+0000,ballloverpgo-white.pgn
622def1a-820e-44cc-8758-b511be327352,64,Live Chess,Chess.com,2023.06.06,-,ballloverpgo,Kaydengotgame,0-1,418,,436,,,,Kaydengotgame,436,ballloverpgo,418,18,C21,Kaydengotgame won by resignation,600,2023.06.06,01:02:58,,,2024-08-16T10:41:30+0000,ballloverpgo-white.pgn
4813a231-8ad8-415f-b620-2a9edf74c79e,65,Live Chess,Chess.com,2023.06.07,-,ballloverpgo,AnnamariaChelidze,0-1,402,,459,,,,AnnamariaChelidze,459,ballloverpgo,402,57,B00,AnnamariaChelidze won - game abandoned,600,2023.06.07,16:43:03,,,2024-08-16T10:41:30+0000,ballloverpgo-white.pgn
4e285718-308e-474b-ab11-57149dc59918,66,Live Chess,Chess.com,2023.06.09,-,ballloverpgo,peace_Azex,1-0,394,,362,,,,ballloverpgo,394,peace_Azex,362,32,C45,ballloverpgo won by checkmate,600,2023.06.09,08:52:04,,,2024-08-16T10:41:30+0000,ballloverpgo-white.pgn
75fe7212-79c7-4919-be48-8166fb8b0699,67,Live Chess,Chess.com,2023.06.10,-,ballloverpgo,arnav_2009x,0-1,375,,367,,,,arnav_2009x,367,ballloverpgo,375,-8,C57,arnav_2009x won by checkmate,600,2023.06.10,04:19:30,,,2024-08-16T10:41:30+0000,ballloverpgo-white.pgn
65d39432-7027-4e61-a56e-28b2481eba5b,68,Live Chess,Chess.com,2023.06.10,-,ballloverpgo,deathseeq,1-0,382,,346,,,,ballloverpgo,382,deathseeq,346,36,C40,ballloverpgo won by resignation,600,2023.06.10,05:40:09,,,2024-08-16T10:41:30+0000,ballloverpgo-white.pgn
b35c986f-e52d-451d-a1b1-5dd9f36e62b7,69,Live Chess,Chess.com,2023.06.10,-,ballloverpgo,hiiiiibyeeeeeeeee,0-1,374,,382,,,,hiiiiibyeeeeeeeee,382,ballloverpgo,374,8,C45,hiiiiibyeeeeeeeee won on time,600,2023.06.10,05:41:28,,,2024-08-16T10:41:30+0000,ballloverpgo-white.pgn
bad94268-e0e4-4694-90a3-4fbfd9e4ae82,70,Live Chess,Chess.com,2023.06.10,-,ballloverpgo,QZispacking42069,1-0,380,,288,,,,ballloverpgo,380,QZispacking42069,288,92,B00,ballloverpgo won by checkmate,600,2023.06.10,07:18:22,,,2024-08-16T10:41:30+0000,ballloverpgo-white.pgn
02344afe-8038-48d6-8b03-4b9fcb7d96a0,71,Live Chess,Chess.com,2023.06.10,-,ballloverpgo,JAYMIN_RAVAL,1-0,395,,319,,,,ballloverpgo,395,JAYMIN_RAVAL,319,76,C00,ballloverpgo won by resignation,600,2023.06.10,07:26:48,,,2024-08-16T10:41:30+0000,ballloverpgo-white.pgn
5575fee3-8523-41f8-9416-30442dd0029c,72,Live Chess,Chess.com,2023.06.10,-,ballloverpgo,Almasisg4y,1-0,399,,298,,,,ballloverpgo,399,Almasisg4y,298,101,C45,ballloverpgo won by checkmate,600,2023.06.10,07:39:43,,,2024-08-16T10:41:30+0000,ballloverpgo-white.pgn
86c21a19-af95-463c-a1a2-fc33204c67da,73,Live Chess,Chess.com,2023.06.10,-,ballloverpgo,donjackk,0-1,381,,336,,,,donjackk,336,ballloverpgo,381,-45,C45,donjackk won by resignation,600,2023.06.10,15:51:26,,,2024-08-16T10:41:30+0000,ballloverpgo-white.pgn
0b9d4cba-dd55-42d9-8970-30f0d84ed6cf,74,Live Chess,Chess.com,2023.06.11,-,ballloverpgo,uhhgolookatsomeonesuser,1-0,389,,361,,,,ballloverpgo,389,uhhgolookatsomeonesuser,361,28,C40,ballloverpgo won - game abandoned,600,2023.06.11,04:27:30,,,2024-08-16T10:41:30+0000,ballloverpgo-white.pgn
008e76d9-08f7-4709-af84-83f80c4f74db,75,Live Chess,Chess.com,2023.06.12,-,ballloverpgo,Jompo127,0-1,363,,323,,,,Jompo127,323,ballloverpgo,363,-40,B10,Jompo127 won by resignation,600,2023.06.12,12:33:36,,,2024-08-16T10:41:30+0000,ballloverpgo-white.pgn
bd67b039-eae7-4486-8095-a9f5493b01ff,76,Live Chess,Chess.com,2023.06.13,-,ballloverpgo,GalloUmbranox,0-1,362,,333,,,,GalloUmbranox,333,ballloverpgo,362,-29,B00,GalloUmbranox won by resignation,600,2023.06.13,15:53:32,,,2024-08-16T10:41:30+0000,ballloverpgo-white.pgn
dedb042a-e290-4de3-9213-469deae22a07,77,Live Chess,Chess.com,2023.06.14,-,ballloverpgo,Alor2000,0-1,346,,362,,,,Alor2000,362,ballloverpgo,346,16,C40,Alor2000 won - game abandoned,600,2023.06.14,12:50:02,,,2024-08-16T10:41:30+0000,ballloverpgo-white.pgn
5009f936-0fad-471c-9d98-626f498f6bc0,78,Live Chess,Chess.com,2023.06.14,-,ballloverpgo,Kuba7895,1-0,352,,268,,,,ballloverpgo,352,Kuba7895,268,84,C45,ballloverpgo won by resignation,600,2023.06.14,16:18:18,,,2024-08-16T10:41:30+0000,ballloverpgo-white.pgn
f87dc804-cb11-4b12-bdc1-84d5a0eeeaca,79,Live Chess,Chess.com,2023.06.18,-,ballloverpgo,nietchez,1-0,368,,365,,,,ballloverpgo,368,nietchez,365,3,C70,ballloverpgo won - game abandoned,600,2023.06.18,12:31:47,,,2024-08-16T10:41:30+0000,ballloverpgo-white.pgn
d4015dec-2a1d-47df-b55b-d9e608a7c256,80,Live Chess,Chess.com,2023.06.18,-,ballloverpgo,lizaeoiu,0-1,341,,300,,,,lizaeoiu,300,ballloverpgo,341,-41,C42,lizaeoiu won - game abandoned,600,2023.06.18,12:49:41,,,2024-08-16T10:41:30+0000,ballloverpgo-white.pgn
730cb3ce-7398-49a5-90ad-671b2ce5caef,81,Live Chess,Chess.com,2023.06.21,-,ballloverpgo,sk1419,1-0,333,,321,,,,ballloverpgo,333,sk1419,321,12,C42,ballloverpgo won by checkmate,600,2023.06.21,17:53:26,,,2024-08-16T10:41:30+0000,ballloverpgo-white.pgn
f250c424-1cec-4c18-94ab-1180077990ca,82,Live Chess,Chess.com,2023.06.21,-,ballloverpgo,MrHolmes15,1-0,340,,287,,,,ballloverpgo,340,MrHolmes15,287,53,C41,ballloverpgo won by checkmate,600,2023.06.21,18:01:05,,,2024-08-16T10:41:30+0000,ballloverpgo-white.pgn
e496ebd9-5446-4c2a-8eb1-7c6daab905c9,83,Live Chess,Chess.com,2023.06.21,-,ballloverpgo,itusudhi,1-0,357,,320,,,,ballloverpgo,357,itusudhi,320,37,C40,ballloverpgo won by resignation,600,2023.06.21,18:11:16,,,2024-08-16T10:41:30+0000,ballloverpgo-white.pgn
663dae61-79f6-457e-88cb-9cf31082f61e,84,Live Chess,Chess.com,2023.06.24,-,ballloverpgo,gabi62683,0-1,342,,364,,,,gabi62683,364,ballloverpgo,342,22,C40,gabi62683 won by resignation,600,2023.06.24,03:17:40,,,2024-08-16T10:41:30+0000,ballloverpgo-white.pgn
a023a12a-d9d5-4819-986b-4070e0fab46e,85,Live Chess,Chess.com,2023.06.27,-,ballloverpgo,Eslyn19,0-1,329,,347,,,,Eslyn19,347,ballloverpgo,329,18,B02,Eslyn19 won by resignation,600,2023.06.27,16:57:10,,,2024-08-16T10:41:30+0000,ballloverpgo-white.pgn
ebc02a74-2331-4f6d-b1ae-ef3ac33dddd7,86,Live Chess,Chess.com,2023.06.29,-,ballloverpgo,Nuriya3193,0-1,321,,350,,,,Nuriya3193,350,ballloverpgo,321,29,C40,Nuriya3193 won on time,600,2023.06.29,10:25:05,,,2024-08-16T10:41:30+0000,ballloverpgo-white.pgn
bedb4a72-b12c-400e-9735-072307655f00,87,Live Chess,Chess.com,2023.06.30,-,ballloverpgo,do8233,1-0,335,,285,,,,ballloverpgo,335,do8233,285,50,C00,ballloverpgo won - game abandoned,600,2023.06.30,14:32:04,,,2024-08-16T10:41:30+0000,ballloverpgo-white.pgn
a834ddf1-e7dc-4f2d-baa0-58f1399198e6,88,Live Chess,Chess.com,2023.06.30,-,ballloverpgo,TheOtherLisa,1-0,353,,420,,,,ballloverpgo,353,TheOtherLisa,420,-67,C55,ballloverpgo won by checkmate,600,2023.06.30,14:38:47,,,2024-08-16T10:41:30+0000,ballloverpgo-white.pgn
abbdfdd7-a121-46a2-bf74-b0b10d533933,89,Live Chess,Chess.com,2023.05.03,-,ballloverpgo,3xGizzy,1-0,514,,484,,,,ballloverpgo,514,3xGizzy,484,30,B01,ballloverpgo won by resignation,600,2023.05.03,16:23:34,,,2024-08-16T10:41:30+0000,ballloverpgo-white.pgn
a179f6e6-ed2a-4fb8-a063-e8bf635b2b5f,90,Live Chess,Chess.com,2023.05.03,-,ballloverpgo,DixieNormous0306,0-1,497,,499,,,,DixieNormous0306,499,ballloverpgo,497,2,C45,DixieNormous0306 won - game abandoned,600,2023.05.03,17:20:35,,,2024-08-16T10:41:30+0000,ballloverpgo-white.pgn
42c0abe6-38bd-432d-8b5c-a91fcf9a4fa6,91,Live Chess,Chess.com,2023.05.04,-,ballloverpgo,STEiN404,0-1,490,,528,,,,STEiN404,528,ballloverpgo,490,38,B00,STEiN404 won by resignation,600,2023.05.04,03:56:42,,,2024-08-16T10:41:30+0000,ballloverpgo-white.pgn
ab067503-d7b5-4391-a27d-ffceaac83a30,92,Live Chess,Chess.com,2023.05.04,-,ballloverpgo,Wick_17,1-0,488,,437,,,,ballloverpgo,488,Wick_17,437,51,B07,ballloverpgo won by resignation,600,2023.05.04,05:46:17,,,2024-08-16T10:41:30+0000,ballloverpgo-white.pgn
d08c5cd3-2e59-4c45-b77b-4c359e58bc55,93,Live Chess,Chess.com,2023.05.14,-,ballloverpgo,Vishnu_1707,0-1,466,,681,,,,Vishnu_1707,681,ballloverpgo,466,215,C62,Vishnu_1707 won by checkmate,600,2023.05.14,11:11:29,,,2024-08-16T10:41:30+0000,ballloverpgo-white.pgn
6076cf84-ab45-4dc4-9a61-a41ccbabc886,94,Live Chess,Chess.com,2023.05.21,-,ballloverpgo,afzalop899,1-0,467,,467,,,,ballloverpgo,467,afzalop899,467,0,C45,ballloverpgo won by checkmate,600,2023.05.21,11:47:22,,,2024-08-16T10:41:30+0000,ballloverpgo-white.pgn
a471fc27-8f61-43e8-83f3-e2625986afca,95,Live Chess,Chess.com,2023.05.21,-,ballloverpgo,Arces3,0-1,460,,521,,,,Arces3,521,ballloverpgo,460,61,B02,Arces3 won by resignation,600,2023.05.21,11:54:02,,,2024-08-16T10:41:30+0000,ballloverpgo-white.pgn
99ae34fb-734a-47c5-ba06-c96ea4d59918,96,Live Chess,Chess.com,2023.05.21,-,ballloverpgo,Vishnu_1707,1-0,460,,709,,,,ballloverpgo,460,Vishnu_1707,709,-249,C45,ballloverpgo won by checkmate,600,2023.05.21,15:05:57,,,2024-08-16T10:41:30+0000,ballloverpgo-white.pgn
eb1f9ab0-2c6e-48b7-8649-9d017ca7239c,97,Live Chess,Chess.com,2023.05.21,-,ballloverpgo,Vishnu_1707,0-1,466,,301,,,,Vishnu_1707,301,ballloverpgo,466,-165,C55,Vishnu_1707 won on time,60,2023.05.21,15:11:56,,,2024-08-16T10:41:30+0000,ballloverpgo-white.pgn
bcff0e16-95fb-4a57-bd65-41f8b12d1c43,98,Live Chess,Chess.com,2023.05.21,-,ballloverpgo,Vishnu_1707,1-0,800,,301,,,,ballloverpgo,800,Vishnu_1707,301,499,C20,ballloverpgo won on time,60,2023.05.21,15:14:15,,,2024-08-16T10:41:30+0000,ballloverpgo-white.pgn
43a10174-c4cc-48af-b5d1-a0cb6099a80d,99,Live Chess,Chess.com,2023.05.22,-,ballloverpgo,7Alangoat7,1-0,468,,435,,,,ballloverpgo,468,7Alangoat7,435,33,C20,ballloverpgo won by resignation,600,2023.05.22,15:19:33,,,2024-08-16T10:41:30+0000,ballloverpgo-white.pgn
8adece7d-86eb-4fc1-ae25-a2be58921f9e,100,Live Chess,Chess.com,2023.05.24,-,ballloverpgo,weed333,1-0,452,,459,,,,ballloverpgo,452,weed333,459,-7,C45,ballloverpgo won by checkmate,600,2023.05.24,05:56:44,,,2024-08-16T10:41:30+0000,ballloverpgo-white.pgn
b5914661-25ec-41e9-ab75-dce9b238d884,101,Live Chess,Chess.com,2023.05.24,-,ballloverpgo,atila88,1-0,453,,472,,,,ballloverpgo,453,atila88,472,-19,C40,ballloverpgo won by checkmate,600,2023.05.24,11:16:46,,,2024-08-16T10:41:30+0000,ballloverpgo-white.pgn
c190100a-dfca-4776-bbb6-61e9206940f8,102,Live Chess,Chess.com,2023.05.24,-,ballloverpgo,TobyHoskins,1-0,461,,458,,,,ballloverpgo,461,TobyHoskins,458,3,B02,ballloverpgo won by checkmate,600,2023.05.24,11:26:20,,,2024-08-16T10:41:30+0000,ballloverpgo-white.pgn
934ac86a-e43b-46d0-a211-e4ab7ca72a78,103,Live Chess,Chess.com,2023.05.25,-,ballloverpgo,Lucario_VR,0-1,437,,490,,,,Lucario_VR,490,ballloverpgo,437,53,B01,Lucario_VR won by resignation,600,2023.05.25,15:04:15,,,2024-08-16T10:41:30+0000,ballloverpgo-white.pgn
a7cc6ba6-0e5b-425e-b624-134c5fd41ec5,104,Live Chess,Chess.com,2023.05.25,-,ballloverpgo,slemansalah,0-1,429,,429,,,,slemansalah,429,ballloverpgo,429,0,C40,slemansalah won by checkmate,600,2023.05.25,15:10:09,,,2024-08-16T10:41:30+0000,ballloverpgo-white.pgn
50917001-c9cf-4335-bc65-d8f1c1891ce7,105,Live Chess,Chess.com,2023.05.25,-,ballloverpgo,dviko,0-1,428,,397,,,,dviko,397,ballloverpgo,428,-31,B01,dviko won on time,600,2023.05.25,15:18:52,,,2024-08-16T10:41:30+0000,ballloverpgo-white.pgn
fad9478c-49ea-43e8-9c6b-00c58b70a901,106,Live Chess,Chess.com,2023.05.26,-,ballloverpgo,Mohamad2997,0-1,428,,488,,,,Mohamad2997,488,ballloverpgo,428,60,C40,Mohamad2997 won by checkmate,600,2023.05.26,15:01:14,,,2024-08-16T10:41:30+0000,ballloverpgo-white.pgn
6fc4ce57-d353-4078-b2be-b624394beb87,107,Live Chess,Chess.com,2023.05.26,-,ballloverpgo,mnzkavyn,0-1,100,,213,,,,mnzkavyn,213,ballloverpgo,100,113,B00,mnzkavyn won on time,180,2023.05.26,15:03:03,,,2024-08-16T10:41:30+0000,ballloverpgo-white.pgn
f7060734-ffce-4d2c-8fb4-ccdc2eee0fbb,108,Live Chess,Chess.com,2023.05.28,-,ballloverpgo,eazy6999,0-1,436,,437,,,,eazy6999,437,ballloverpgo,436,1,C20,eazy6999 won by resignation,600,2023.05.28,06:09:33,,,2024-08-16T10:41:30+0000,ballloverpgo-white.pgn
b242c645-273d-4bf3-9316-f4cf300b0e83,109,Live Chess,Chess.com,2023.05.28,-,ballloverpgo,VladKryt,1-0,437,,466,,,,ballloverpgo,437,VladKryt,466,-29,B01,ballloverpgo won by resignation,600,2023.05.28,16:14:22,,,2024-08-16T10:41:30+0000,ballloverpgo-white.pgn
b61600d2-0148-44eb-982a-f5dcc51a51bb,110,Live Chess,Chess.com,2023.05.30,-,ballloverpgo,senseigryphon,1-0,429,,436,,,,ballloverpgo,429,senseigryphon,436,-7,B00,ballloverpgo won by checkmate,600,2023.05.30,03:50:55,,,2024-08-16T10:41:30+0000,ballloverpgo-white.pgn
0b2e820b-57c3-4fd7-aafe-3b98cefbafba,111,Live Chess,Chess.com,2023.05.30,-,ballloverpgo,bazzGazza,1-0,438,,469,,,,ballloverpgo,438,bazzGazza,469,-31,C42,ballloverpgo won - game abandoned,600,2023.05.30,03:52:38,,,2024-08-16T10:41:30+0000,ballloverpgo-white.pgn
ed9fed3c-d078-4d1a-81d6-ef8213800ac7,112,Live Chess,Chess.com,2023.05.30,-,ballloverpgo,333Parsa,1-0,446,,418,,,,ballloverpgo,446,333Parsa,418,28,B01,ballloverpgo won - game abandoned,600,2023.05.30,09:21:51,,,2024-08-16T10:41:30+0000,ballloverpgo-white.pgn
1debed27-9cab-44ab-97c1-9b1fa6d60fb1,113,Live Chess,Chess.com,2023.05.30,-,ballloverpgo,CoolAri123,1-0,454,,426,,,,ballloverpgo,454,CoolAri123,426,28,C41,ballloverpgo won by resignation,600,2023.05.30,09:24:53,,,2024-08-16T10:41:30+0000,ballloverpgo-white.pgn
7ec26b4c-4cc8-4bdf-85c6-7661a84b00f8,114,Live Chess,Chess.com,2023.04.01,-,ballloverpgo,vikashlyricist2008,0-1,390,,353,,,,vikashlyricist2008,353,ballloverpgo,390,-37,A00,vikashlyricist2008 won by checkmate,600,2023.04.01,07:56:26,,,2024-08-16T10:41:30+0000,ballloverpgo-white.pgn
fdfebf41-f5b4-494d-89df-a92caf49c3f0,115,Live Chess,Chess.com,2023.04.01,-,ballloverpgo,vikashlyricist2008,1-0,579,,289,,,,ballloverpgo,579,vikashlyricist2008,289,290,B07,ballloverpgo won by checkmate,600,2023.04.01,08:09:24,,,2024-08-16T10:41:30+0000,ballloverpgo-white.pgn
665378fb-e0de-48cf-bd41-b36f86d66517,116,Live Chess,Chess.com,2023.04.01,-,ballloverpgo,vikashlyricist2008,1-0,639,,259,,,,ballloverpgo,639,vikashlyricist2008,259,380,B00,ballloverpgo won by checkmate,600,2023.04.01,08:31:17,,,2024-08-16T10:41:30+0000,ballloverpgo-white.pgn
4919bbfa-7388-4a33-b092-7967ab061ca2,117,Live Chess,Chess.com,2023.04.01,-,ballloverpgo,vikashlyricist2008,1-0,673,,240,,,,ballloverpgo,673,vikashlyricist2008,240,433,C21,ballloverpgo won by checkmate,600,2023.04.01,08:42:19,,,2024-08-16T10:41:30+0000,ballloverpgo-white.pgn
fedbd66c-85a9-46b2-a146-4d287c7fef07,118,Live Chess,Chess.com,2023.04.01,-,ballloverpgo,disisethto,1-0,750,,731,,,,ballloverpgo,750,disisethto,731,19,C21,ballloverpgo won by resignation,600,2023.04.01,09:18:14,,,2024-08-16T10:41:30+0000,ballloverpgo-white.pgn
866cacbb-104c-4831-ae66-967818bde0f0,119,Live Chess,Chess.com,2023.04.01,-,ballloverpgo,PunisherAK33,0-1,417,,521,,,,PunisherAK33,521,ballloverpgo,417,104,B02,PunisherAK33 won by checkmate,300,2023.04.01,10:50:48,,,2024-08-16T10:41:30+0000,ballloverpgo-white.pgn
64f47e6b-bda0-4fa9-b885-7092b81a0477,120,Live Chess,Chess.com,2023.04.01,-,ballloverpgo,berak619,0-1,774,,910,,,,berak619,910,ballloverpgo,774,136,A00,berak619 won - game abandoned,600,2023.04.01,12:07:00,,,2024-08-16T10:41:30+0000,ballloverpgo-white.pgn
2c3cb7e7-68fd-4c17-b0dd-f42f2e259799,121,Live Chess,Chess.com,2023.04.01,-,ballloverpgo,Bubblegumwithagem,1-0,801,,461,,,,ballloverpgo,801,Bubblegumwithagem,461,340,C00,ballloverpgo won on time,600,2023.04.01,16:56:35,,,2024-08-16T10:41:30+0000,ballloverpgo-white.pgn
c776df39-aa9a-4740-a2d5-e92fe71281b2,122,Live Chess,Chess.com,2023.04.01,-,ballloverpgo,Bubblegumwithagem,1-0,752,,503,,,,ballloverpgo,752,Bubblegumwithagem,503,249,B02,ballloverpgo won by checkmate,600,2023.04.01,17:26:51,,,2024-08-16T10:41:30+0000,ballloverpgo-white.pgn
d0f475d9-3d8d-42b9-be97-58fde4beda97,123,Live Chess,Chess.com,2023.04.02,-,ballloverpgo,vikashlyricist2008,0-1,682,,429,,,,vikashlyricist2008,429,ballloverpgo,682,-253,C20,vikashlyricist2008 won - game abandoned,600,2023.04.02,09:57:53,,,2024-08-16T10:41:30+0000,ballloverpgo-white.pgn
3c0b316c-66b9-4d68-a629-247fd608bbd2,124,Live Chess,Chess.com,2023.04.02,-,ballloverpgo,ahmetmercanakk,1-0,679,,519,,,,ballloverpgo,679,ahmetmercanakk,519,160,C20,ballloverpgo won by resignation,600,2023.04.02,11:26:45,,,2024-08-16T10:41:30+0000,ballloverpgo-white.pgn
7c89a084-3a4b-46df-8241-25d5f71c37d3,125,Live Chess,Chess.com,2023.04.02,-,ballloverpgo,Atakanutku,0-1,618,,585,,,,Atakanutku,585,ballloverpgo,618,-33,C20,Atakanutku won by resignation,600,2023.04.02,16:08:11,,,2024-08-16T10:41:30+0000,ballloverpgo-white.pgn
addcb63d-7b2d-45a9-8f5e-81467563b358,126,Live Chess,Chess.com,2023.04.02,-,ballloverpgo,psm97,1-0,635,,476,,,,ballloverpgo,635,psm97,476,159,B00,ballloverpgo won by resignation,600,2023.04.02,16:14:41,,,2024-08-16T10:41:30+0000,ballloverpgo-white.pgn
bc17f6b6-2595-48ef-b5de-e3fba975c555,127,Live Chess,Chess.com,2023.04.02,-,ballloverpgo,adamsakkk,0-1,575,,613,,,,adamsakkk,613,ballloverpgo,575,38,C20,adamsakkk won by checkmate,600,2023.04.02,17:24:31,,,2024-08-16T10:41:30+0000,ballloverpgo-white.pgn
70384e3e-cca3-404d-b994-72d10007c6b0,128,Live Chess,Chess.com,2023.04.03,-,ballloverpgo,ChesspionJupiter,0-1,541,,609,,,,ChesspionJupiter,609,ballloverpgo,541,68,C00,ChesspionJupiter won by checkmate,600,2023.04.03,03:48:49,,,2024-08-16T10:41:30+0000,ballloverpgo-white.pgn
21b28f57-e7cc-4f61-9059-8a47f311ea31,129,Live Chess,Chess.com,2023.04.03,-,ballloverpgo,Ardecya,0-1,527,,616,,,,Ardecya,616,ballloverpgo,527,89,C20,Ardecya won by checkmate,600,2023.04.03,03:56:55,,,2024-08-16T10:41:30+0000,ballloverpgo-white.pgn
4345cac5-1244-418d-be27-824123583f6e,130,Live Chess,Chess.com,2023.04.03,-,ballloverpgo,vikashlyricist2008,1-0,543,,337,,,,ballloverpgo,543,vikashlyricist2008,337,206,C20,ballloverpgo won by checkmate,600,2023.04.03,14:02:20,,,2024-08-16T10:41:30+0000,ballloverpgo-white.pgn
3590f6b6-d560-4eac-8701-d5ccd92a8b59,131,Live Chess,Chess.com,2023.04.03,-,ballloverpgo,vikashlyricist2008,1-0,557,,329,,,,ballloverpgo,557,vikashlyricist2008,329,228,B01,ballloverpgo won by resignation,600,2023.04.03,14:16:54,,,2024-08-16T10:41:30+0000,ballloverpgo-white.pgn
ae46e130-a88b-4dd8-a42c-a98c23a8127d,132,Live Chess,Chess.com,2023.04.03,-,ballloverpgo,PunisherAK33,0-1,265,,537,,,,PunisherAK33,537,ballloverpgo,265,272,B01,PunisherAK33 won on time,300,2023.04.03,17:39:00,,,2024-08-16T10:41:30+0000,ballloverpgo-white.pgn
e9e57875-c184-4691-95c8-03c67935514c,133,Live Chess,Chess.com,2023.04.03,-,ballloverpgo,PunisherAK33,0-1,531,,625,,,,PunisherAK33,625,ballloverpgo,531,94,B01,PunisherAK33 won by checkmate,600,2023.04.03,17:58:14,,,2024-08-16T10:41:30+0000,ballloverpgo-white.pgn
aee043bf-4f93-4568-9d8d-7aba872501c1,134,Live Chess,Chess.com,2023.04.04,-,ballloverpgo,beCarefullmaprinn,0-1,522,,601,,,,beCarefullmaprinn,601,ballloverpgo,522,79,C42,beCarefullmaprinn won by resignation,600,2023.04.04,15:46:44,,,2024-08-16T10:41:30+0000,ballloverpgo-white.pgn
9f80138f-d76f-4a91-9f25-85d5e4ec9220,135,Live Chess,Chess.com,2023.04.06,-,ballloverpgo,PunisherAK33,0-1,184,,522,,,,PunisherAK33,522,ballloverpgo,184,338,B01,PunisherAK33 won by checkmate,300,2023.04.06,14:22:59,,,2024-08-16T10:41:30+0000,ballloverpgo-white.pgn
f6bfe6a1-2455-45f7-a11a-a997e550db88,136,Live Chess,Chess.com,2023.04.06,-,ballloverpgo,gabrile19465,0-1,109,,113,,,,gabrile19465,113,ballloverpgo,109,4,B07,gabrile19465 won - game abandoned,300,2023.04.06,14:33:05,,,2024-08-16T10:41:30+0000,ballloverpgo-white.pgn
ba94a7ea-af0d-41f2-abc0-6a30991868a7,137,Live Chess,Chess.com,2023.04.06,-,ballloverpgo,PunisherAK33,1/2-1/2,147,,518,,,,draw,,draw,,0,A06,Game drawn by timeout vs insufficient material,300,2023.04.06,14:42:21,,,2024-08-16T10:41:30+0000,ballloverpgo-white.pgn
61e9e863-5e19-44b3-98f6-d9e4bb546f9f,138,Live Chess,Chess.com,2023.04.06,-,ballloverpgo,PunisherAK33,0-1,126,,522,,,,PunisherAK33,522,ballloverpgo,126,396,B01,PunisherAK33 won on time,300,2023.04.06,15:03:52,,,2024-08-16T10:41:30+0000,ballloverpgo-white.pgn
71c2b037-2305-4104-a529-33ee92b8c2ef,139,Live Chess,Chess.com,2023.04.07,-,ballloverpgo,WarOne96,1-0,522,,454,,,,ballloverpgo,522,WarOne96,454,68,C44,ballloverpgo won by checkmate,600,2023.04.07,10:06:59,,,2024-08-16T10:41:30+0000,ballloverpgo-white.pgn
a0f1b0a7-577b-4433-9647-b3a2463222b7,140,Live Chess,Chess.com,2023.04.07,-,ballloverpgo,mariannafollesa,0-1,499,,609,,,,mariannafollesa,609,ballloverpgo,499,110,A00,mariannafollesa won by checkmate,600,2023.04.07,10:55:38,,,2024-08-16T10:41:30+0000,ballloverpgo-white.pgn
b5ef2b83-116c-4107-bc17-829c54692e54,141,Live Chess,Chess.com,2023.04.07,-,ballloverpgo,funnysziede3,1-0,506,,394,,,,ballloverpgo,506,funnysziede3,394,112,B07,ballloverpgo won - game abandoned,600,2023.04.07,12:14:15,,,2024-08-16T10:41:30+0000,ballloverpgo-white.pgn
2d90d078-a466-4222-a6db-1affb0b2cef8,142,Live Chess,Chess.com,2023.04.07,-,ballloverpgo,Chess12345890,1-0,526,,496,,,,ballloverpgo,526,Chess12345890,496,30,C46,ballloverpgo won by checkmate,600,2023.04.07,12:34:19,,,2024-08-16T10:41:30+0000,ballloverpgo-white.pgn
408c3e12-f982-41c1-8f49-b3b720eea572,143,Live Chess,Chess.com,2023.04.07,-,ballloverpgo,Seeda4,0-1,525,,562,,,,Seeda4,562,ballloverpgo,525,37,C42,Seeda4 won by checkmate,600,2023.04.07,12:59:05,,,2024-08-16T10:41:30+0000,ballloverpgo-white.pgn
4da05d88-cb08-4f2a-8461-3a2ff6a256b2,144,Live Chess,Chess.com,2023.04.07,-,ballloverpgo,SKA1DALIST,1-0,542,,501,,,,ballloverpgo,542,SKA1DALIST,501,41,C42,ballloverpgo won by resignation,600,2023.04.07,13:10:58,,,2024-08-16T10:41:30+0000,ballloverpgo-white.pgn
3e62a441-025d-41b4-856b-845036b98899,145,Live Chess,Chess.com,2023.04.07,-,ballloverpgo,josweet123,1-0,550,,494,,,,ballloverpgo,550,josweet123,494,56,D00,ballloverpgo won by checkmate,600,2023.04.07,13:13:37,,,2024-08-16T10:41:30+0000,ballloverpgo-white.pgn
71442e84-01da-4a3f-a1ae-2e0bf691e7d0,146,Live Chess,Chess.com,2023.04.07,-,ballloverpgo,Made_in_Sarajevo_1983,1-0,556,,504,,,,ballloverpgo,556,Made_in_Sarajevo_1983,504,52,B00,ballloverpgo won by resignation,600,2023.04.07,17:25:11,,,2024-08-16T10:41:30+0000,ballloverpgo-white.pgn
f80e09f0-42b5-4d1f-84d4-c1cb6ab910d5,147,Live Chess,Chess.com,2023.04.08,-,ballloverpgo,ImanChess12,1-0,556,,562,,,,ballloverpgo,556,ImanChess12,562,-6,B01,ballloverpgo won by resignation,600,2023.04.08,02:36:19,,,2024-08-16T10:41:30+0000,ballloverpgo-white.pgn
50974f22-4042-4439-9e8d-b146abefa763,148,Live Chess,Chess.com,2023.04.08,-,ballloverpgo,mikedude365,1-0,565,,561,,,,ballloverpgo,565,mikedude365,561,4,B01,ballloverpgo won by checkmate,600,2023.04.08,03:04:06,,,2024-08-16T10:41:30+0000,ballloverpgo-white.pgn
1422d374-884c-46b6-b12c-f9f9880409ca,149,Live Chess,Chess.com,2023.04.08,-,ballloverpgo,Aubaa1,0-1,549,,584,,,,Aubaa1,584,ballloverpgo,549,35,B07,Aubaa1 won by resignation,600,2023.04.08,03:17:37,,,2024-08-16T10:41:30+0000,ballloverpgo-white.pgn
fd50ed36-c13a-430e-a38a-ee0f9e0a4272,150,Live Chess,Chess.com,2023.04.08,-,ballloverpgo,ChikinMaster101,0-1,532,,544,,,,ChikinMaster101,544,ballloverpgo,532,12,C46,ChikinMaster101 won by resignation,600,2023.04.08,04:51:36,,,2024-08-16T10:41:30+0000,ballloverpgo-white.pgn
9f3528f6-1a2d-44da-bf63-c0b2fb5a37fc,151,Live Chess,Chess.com,2023.04.08,-,ballloverpgo,Vishnu_1707,1-0,532,,374,,,,ballloverpgo,532,Vishnu_1707,374,158,C20,ballloverpgo won by checkmate,600,2023.04.08,07:38:36,,,2024-08-16T10:41:30+0000,ballloverpgo-white.pgn
36f2ada9-4b77-491e-817b-e9adbda76381,152,Live Chess,Chess.com,2023.04.08,-,ballloverpgo,Vishnu_1707,1-0,532,,374,,,,ballloverpgo,532,Vishnu_1707,374,158,C42,ballloverpgo won on time,600,2023.04.08,07:54:12,,,2024-08-16T10:41:30+0000,ballloverpgo-white.pgn
d915ec41-fd52-41ed-bfcd-473940890159,153,Live Chess,Chess.com,2023.04.08,-,ballloverpgo,PunisherAK33,0-1,111,,551,,,,PunisherAK33,551,ballloverpgo,111,440,A00,PunisherAK33 won by checkmate,300,2023.04.08,09:11:55,,,2024-08-16T10:41:30+0000,ballloverpgo-white.pgn
be624897-46ee-481e-924b-75e318eba927,154,Live Chess,Chess.com,2023.04.11,-,ballloverpgo,PunisherAK33,1-0,533,,542,,,,ballloverpgo,533,PunisherAK33,542,-9,B01,ballloverpgo won by resignation,600,2023.04.11,16:59:49,,,2024-08-16T10:41:30+0000,ballloverpgo-white.pgn
ec0577b0-e09a-4b55-b47f-054160b98d4a,155,Live Chess,Chess.com,2023.04.12,-,ballloverpgo,Dani98didi,0-1,518,,526,,,,Dani98didi,526,ballloverpgo,518,8,C40,Dani98didi won by resignation,600,2023.04.12,16:18:35,,,2024-08-16T10:41:30+0000,ballloverpgo-white.pgn
f874e6fd-0932-4abc-978c-869ceb8bfa39,156,Live Chess,Chess.com,2023.04.12,-,ballloverpgo,SniffEnjoyer,0-1,509,,490,,,,SniffEnjoyer,490,ballloverpgo,509,-19,B02,SniffEnjoyer won by checkmate,600,2023.04.12,16:23:39,,,2024-08-16T10:41:30+0000,ballloverpgo-white.pgn
c52421e5-eb42-4417-8801-ebce5155f2fd,157,Live Chess,Chess.com,2023.04.14,-,ballloverpgo,BonaFideOG,1-0,526,,529,,,,ballloverpgo,526,BonaFideOG,529,-3,C40,ballloverpgo won by resignation,600,2023.04.14,03:45:22,,,2024-08-16T10:41:30+0000,ballloverpgo-white.pgn
66e93d92-4887-4c1b-b235-dc3425878df0,158,Live Chess,Chess.com,2023.04.18,-,ballloverpgo,Oussama_Rata,1-0,536,,528,,,,ballloverpgo,536,Oussama_Rata,528,8,C41,ballloverpgo won by checkmate,600,2023.04.18,06:19:56,,,2024-08-16T10:41:30+0000,ballloverpgo-white.pgn
0810fb1a-0742-4835-9a2c-8801c183d689,159,Live Chess,Chess.com,2023.04.18,-,ballloverpgo,Hofna,0-1,529,,591,,,,Hofna,591,ballloverpgo,529,62,B01,Hofna won by resignation,600,2023.04.18,07:50:40,,,2024-08-16T10:41:30+0000,ballloverpgo-white.pgn
413549ec-6090-4b65-ab54-390efc37c2b3,160,Live Chess,Chess.com,2023.04.18,-,ballloverpgo,Dragon95thebest,1-0,537,,531,,,,ballloverpgo,537,Dragon95thebest,531,6,B06,ballloverpgo won by resignation,600,2023.04.18,08:11:36,,,2024-08-16T10:41:30+0000,ballloverpgo-white.pgn
a79fe329-ecb2-43c5-8270-a829570e13c6,161,Live Chess,Chess.com,2023.04.18,-,ballloverpgo,magnoliafan666,1-0,545,,529,,,,ballloverpgo,545,magnoliafan666,529,16,C44,ballloverpgo won by resignation,600,2023.04.18,08:20:03,,,2024-08-16T10:41:30+0000,ballloverpgo-white.pgn
22612df5-6283-4fab-b658-208e9bae2a49,162,Live Chess,Chess.com,2023.04.18,-,ballloverpgo,Joker0000000007,1-0,568,,475,,,,ballloverpgo,568,Joker0000000007,475,93,B01,ballloverpgo won by checkmate,600,2023.04.18,10:00:46,,,2024-08-16T10:41:30+0000,ballloverpgo-white.pgn
1c3773d8-2862-4d8c-ae31-8539ac6d6338,163,Live Chess,Chess.com,2023.04.18,-,ballloverpgo,Yousef_Radwan012,1-0,576,,581,,,,ballloverpgo,576,Yousef_Radwan012,581,-5,C40,ballloverpgo won by resignation,600,2023.04.18,10:07:11,,,2024-08-16T10:41:30+0000,ballloverpgo-white.pgn
1dd957eb-d0b5-4c83-8eed-b28d440343eb,164,Live Chess,Chess.com,2023.04.18,-,ballloverpgo,rookie0170,0-1,576,,616,,,,rookie0170,616,ballloverpgo,576,40,B20,rookie0170 won by resignation,600,2023.04.18,11:37:38,,,2024-08-16T10:41:30+0000,ballloverpgo-white.pgn
1ce58e00-92ad-4540-8ba3-04be3aafc395,165,Live Chess,Chess.com,2023.04.18,-,ballloverpgo,Joemama3761,0-1,569,,600,,,,Joemama3761,600,ballloverpgo,569,31,B20,Joemama3761 won by resignation,600,2023.04.18,11:57:40,,,2024-08-16T10:41:30+0000,ballloverpgo-white.pgn
41837d15-42d6-4f1d-a8cd-ab08dcc8b820,166,Live Chess,Chess.com,2023.04.18,-,ballloverpgo,jasonbounds,1-0,586,,606,,,,ballloverpgo,586,jasonbounds,606,-20,C20,ballloverpgo won by resignation,600,2023.04.18,18:25:03,,,2024-08-16T10:41:30+0000,ballloverpgo-white.pgn
126e9c45-fd9f-455e-b544-8890871ede9b,167,Live Chess,Chess.com,2023.04.18,-,ballloverpgo,melvinwong0412,0-1,587,,612,,,,melvinwong0412,612,ballloverpgo,587,25,C44,melvinwong0412 won - game abandoned,600,2023.04.18,18:33:41,,,2024-08-16T10:41:30+0000,ballloverpgo-white.pgn
95ddf39a-51ce-43ca-ad7a-3773cad26e92,168,Live Chess,Chess.com,2023.04.18,-,ballloverpgo,Chinnu9739,1-0,595,,587,,,,ballloverpgo,595,Chinnu9739,587,8,B07,ballloverpgo won by resignation,600,2023.04.18,19:12:38,,,2024-08-16T10:41:30+0000,ballloverpgo-white.pgn
f9f143c3-e699-4a5b-88cc-5517621a49d1,169,Live Chess,Chess.com,2023.04.18,-,ballloverpgo,miki150,1-0,603,,600,,,,ballloverpgo,603,miki150,600,3,C62,ballloverpgo won by checkmate,600,2023.04.18,19:13:59,,,2024-08-16T10:41:30+0000,ballloverpgo-white.pgn
f03e7580-0817-4626-865c-c3b576e6838c,170,Live Chess,Chess.com,2023.04.19,-,ballloverpgo,JoseAngel_Uranga,1-0,629,,647,,,,ballloverpgo,629,JoseAngel_Uranga,647,-18,C00,ballloverpgo won by resignation,600,2023.04.19,13:45:28,,,2024-08-16T10:41:30+0000,ballloverpgo-white.pgn
67397089-3af4-4ef3-a233-fbd488bff280,171,Live Chess,Chess.com,2023.04.19,-,ballloverpgo,mmdqud,1-0,628,,610,,,,ballloverpgo,628,mmdqud,610,18,B00,ballloverpgo won by resignation,600,2023.04.19,17:15:34,,,2024-08-16T10:41:30+0000,ballloverpgo-white.pgn
ad0f09b3-cc15-4ef4-b9ac-93859afacb68,172,Live Chess,Chess.com,2023.04.19,-,ballloverpgo,POLK_9,1-0,636,,613,,,,ballloverpgo,636,POLK_9,613,23,C40,ballloverpgo won - game abandoned,600,2023.04.19,17:22:48,,,2024-08-16T10:41:30+0000,ballloverpgo-white.pgn
85c23834-093a-42e5-93dd-cc42cacb128e,173,Live Chess,Chess.com,2023.04.20,-,ballloverpgo,andresmac_5,0-1,618,,590,,,,andresmac_5,590,ballloverpgo,618,-28,B01,andresmac_5 won on time,600,2023.04.20,03:24:59,,,2024-08-16T10:41:30+0000,ballloverpgo-white.pgn
82f87445-7b55-45ad-a0ba-9f6f49179e91,174,Live Chess,Chess.com,2023.04.20,-,ballloverpgo,neel163,0-1,609,,581,,,,neel163,581,ballloverpgo,609,-28,A20,neel163 won by resignation,600,2023.04.20,03:44:53,,,2024-08-16T10:41:30+0000,ballloverpgo-white.pgn
f24dd2ff-cb65-4d34-84ff-7adf900b4c42,175,Live Chess,Chess.com,2023.04.20,-,ballloverpgo,ImBluffing,0-1,602,,642,,,,ImBluffing,642,ballloverpgo,602,40,C46,ImBluffing won - game abandoned,600,2023.04.20,15:51:00,,,2024-08-16T10:41:30+0000,ballloverpgo-white.pgn
de760ee6-d6a5-4080-9a2d-99b530b910a6,176,Live Chess,Chess.com,2023.04.21,-,ballloverpgo,jerrenfaulkner,0-1,595,,587,,,,jerrenfaulkner,587,ballloverpgo,595,-8,B01,jerrenfaulkner won - game abandoned,600,2023.04.21,14:27:24,,,2024-08-16T10:41:30+0000,ballloverpgo-white.pgn
87527ef0-7770-4ec2-9392-8b8b58e7f149,177,Live Chess,Chess.com,2023.04.21,-,ballloverpgo,tingtongmotta,0-1,595,,1093,,,,tingtongmotta,1093,ballloverpgo,595,498,C40,tingtongmotta won on time,600,2023.04.21,15:02:39,,,2024-08-16T10:41:30+0000,ballloverpgo-white.pgn
3f8031e9-c682-4492-a81c-61f0073babfc,178,Live Chess,Chess.com,2023.04.21,-,ballloverpgo,Buthisaali,1-0,599,,630,,,,ballloverpgo,599,Buthisaali,630,-31,C42,ballloverpgo won by checkmate,600,2023.04.21,17:25:23,,,2024-08-16T10:41:30+0000,ballloverpgo-white.pgn
510b136b-f37f-4c2e-9229-3d4807f3e3cf,179,Live Chess,Chess.com,2023.04.22,-,ballloverpgo,CandyKiller09,0-1,583,,634,,,,CandyKiller09,634,ballloverpgo,583,51,C00,CandyKiller09 won by checkmate,600,2023.04.22,03:28:09,,,2024-08-16T10:41:30+0000,ballloverpgo-white.pgn
522bdefe-9de2-42fd-b14c-ff28f18c4b6f,180,Live Chess,Chess.com,2023.04.22,-,ballloverpgo,zoz_123456,0-1,576,,621,,,,zoz_123456,621,ballloverpgo,576,45,B01,zoz_123456 won by resignation,600,2023.04.22,03:29:13,,,2024-08-16T10:41:30+0000,ballloverpgo-white.pgn
3cf9c645-18f8-4f3f-b80c-44fd92264f42,181,Live Chess,Chess.com,2023.04.22,-,ballloverpgo,keenkt,0-1,567,,584,,,,keenkt,584,ballloverpgo,567,17,B01,keenkt won - game abandoned,600,2023.04.22,13:48:41,,,2024-08-16T10:41:30+0000,ballloverpgo-white.pgn
5a37cea5-4da0-41eb-ae8c-49f58704616a,182,Live Chess,Chess.com,2023.04.23,-,ballloverpgo,yoavgazman,1-0,575,,549,,,,ballloverpgo,575,yoavgazman,549,26,C47,ballloverpgo won by resignation,600,2023.04.23,05:28:25,,,2024-08-16T10:41:30+0000,ballloverpgo-white.pgn
49beab5e-fb3c-4459-b053-da279f92fdd5,183,Live Chess,Chess.com,2023.04.23,-,ballloverpgo,anriorx,0-1,567,,572,,,,anriorx,572,ballloverpgo,567,5,A00,anriorx won by resignation,600,2023.04.23,05:31:28,,,2024-08-16T10:41:30+0000,ballloverpgo-white.pgn
0c2ac204-602a-4b5c-8ecd-22befd3a0358,184,Live Chess,Chess.com,2023.04.23,-,ballloverpgo,nbtxo10,1-0,574,,532,,,,ballloverpgo,574,nbtxo10,532,42,C42,ballloverpgo won by resignation,600,2023.04.23,05:40:57,,,2024-08-16T10:41:30+0000,ballloverpgo-white.pgn
8d45e4ca-2dfa-4f5b-8a3b-071c2e6d1003,185,Live Chess,Chess.com,2023.04.25,-,ballloverpgo,ihavenoideas1234,0-1,575,,617,,,,ihavenoideas1234,617,ballloverpgo,575,42,C45,ihavenoideas1234 won by checkmate,600,2023.04.25,16:30:50,,,2024-08-16T10:41:30+0000,ballloverpgo-white.pgn
8b38e79c-7954-4ad0-bd5f-3e18b05a3ea0,186,Live Chess,Chess.com,2023.04.26,-,ballloverpgo,karol3235,1-0,589,,526,,,,ballloverpgo,589,karol3235,526,63,B01,ballloverpgo won by checkmate,600,2023.04.26,05:21:27,,,2024-08-16T10:41:30+0000,ballloverpgo-white.pgn
80b271fd-dec4-4c70-83db-231a4d006c4f,187,Live Chess,Chess.com,2023.04.26,-,ballloverpgo,blitzzz100,1-0,587,,524,,,,ballloverpgo,587,blitzzz100,524,63,C47,ballloverpgo won by resignation,600,2023.04.26,05:38:02,,,2024-08-16T10:41:30+0000,ballloverpgo-white.pgn
87397e20-02e6-4eb5-8cea-ac0457a47eba,188,Live Chess,Chess.com,2023.04.26,-,ballloverpgo,Jihad_C10,0-1,570,,595,,,,Jihad_C10,595,ballloverpgo,570,25,C44,Jihad_C10 won by resignation,600,2023.04.26,14:50:58,,,2024-08-16T10:41:30+0000,ballloverpgo-white.pgn
61974825-8461-45ea-9fd6-63b2685440a6,189,Live Chess,Chess.com,2023.04.26,-,ballloverpgo,lazorlio,0-1,561,,542,,,,lazorlio,542,ballloverpgo,561,-19,C64,lazorlio won by resignation,600,2023.04.26,15:03:10,,,2024-08-16T10:41:30+0000,ballloverpgo-white.pgn
73cb5251-0b5c-4237-9db6-c576eca7ab9c,190,Live Chess,Chess.com,2023.04.28,-,ballloverpgo,Issam132,0-1,539,,577,,,,Issam132,577,ballloverpgo,539,38,C45,Issam132 won by resignation,600,2023.04.28,07:27:53,,,2024-08-16T10:41:30+0000,ballloverpgo-white.pgn
bbfba74c-55db-442a-8e2a-30939c5714a3,191,Live Chess,Chess.com,2023.04.28,-,ballloverpgo,vcncv,0-1,531,,540,,,,vcncv,540,ballloverpgo,531,9,B00,vcncv won by resignation,600,2023.04.28,07:30:53,,,2024-08-16T10:41:30+0000,ballloverpgo-white.pgn
48664b90-e96c-4533-9ec7-31804864491a,192,Live Chess,Chess.com,2023.04.28,-,ballloverpgo,miggy090,0-1,523,,519,,,,miggy090,519,ballloverpgo,523,-4,C44,miggy090 won - game abandoned,600,2023.04.28,07:38:10,,,2024-08-16T10:41:30+0000,ballloverpgo-white.pgn
b123ce2d-ce74-49e4-9ac9-101c773f0c27,193,Live Chess,Chess.com,2023.04.28,-,ballloverpgo,DexterSadBoy,1-0,532,,563,,,,ballloverpgo,532,DexterSadBoy,563,-31,B01,ballloverpgo won by checkmate,600,2023.04.28,07:51:03,,,2024-08-16T10:41:30+0000,ballloverpgo-white.pgn
d2d53983-d72a-4012-af86-4d25a66504e7,194,Live Chess,Chess.com,2023.04.28,-,ballloverpgo,CWK8K,1-0,539,,495,,,,ballloverpgo,539,CWK8K,495,44,C50,ballloverpgo won by resignation,600,2023.04.28,07:55:57,,,2024-08-16T10:41:30+0000,ballloverpgo-white.pgn
a813399e-813f-4015-960c-affeaeb7362b,195,Live Chess,Chess.com,2023.04.28,-,ballloverpgo,Armanzs,1-0,547,,556,,,,ballloverpgo,547,Armanzs,556,-9,C50,ballloverpgo won by checkmate,600,2023.04.28,08:09:14,,,2024-08-16T10:41:30+0000,ballloverpgo-white.pgn
ea91aa18-901d-4b46-a4b2-04e1f26d4ff3,196,Live Chess,Chess.com,2023.04.28,-,ballloverpgo,RMG753,0-1,539,,565,,,,RMG753,565,ballloverpgo,539,26,C20,RMG753 won by resignation,600,2023.04.28,08:11:07,,,2024-08-16T10:41:30+0000,ballloverpgo-white.pgn
c8f60d14-73ab-4b75-87b5-2c4914ef31d3,197,Live Chess,Chess.com,2023.04.28,-,ballloverpgo,DrakeP94,0-1,508,,542,,,,DrakeP94,542,ballloverpgo,508,34,C70,DrakeP94 won by resignation,600,2023.04.28,11:53:09,,,2024-08-16T10:41:30+0000,ballloverpgo-white.pgn
12618da0-184e-4639-82d4-3c5127ed78df,198,Live Chess,Chess.com,2023.04.28,-,ballloverpgo,lakasmoyah123,1-0,510,,536,,,,ballloverpgo,510,lakasmoyah123,536,-26,C46,ballloverpgo won by checkmate,600,2023.04.28,13:06:47,,,2024-08-16T10:41:30+0000,ballloverpgo-white.pgn
37f6877c-c758-485f-954a-94273bc21c96,199,Live Chess,Chess.com,2023.04.28,-,ballloverpgo,OPLYNXE1,0-1,502,,501,,,,OPLYNXE1,501,ballloverpgo,502,-1,C20,OPLYNXE1 won by resignation,600,2023.04.28,13:16:05,,,2024-08-16T10:41:30+0000,ballloverpgo-white.pgn
51f91a41-3f2f-435b-a893-f2d4256e1381,200,Live Chess,Chess.com,2023.04.29,-,ballloverpgo,killer682,0-1,479,,498,,,,killer682,498,ballloverpgo,479,19,C41,killer682 won by resignation,600,2023.04.29,11:11:45,,,2024-08-16T10:41:30+0000,ballloverpgo-white.pgn
e3242dfa-e433-4669-ba15-efd0c54fe819,201,Live Chess,Chess.com,2023.04.29,-,ballloverpgo,Deadrecker,1-0,488,,502,,,,ballloverpgo,488,Deadrecker,502,-14,C45,ballloverpgo won by checkmate,600,2023.04.29,11:18:49,,,2024-08-16T10:41:30+0000,ballloverpgo-white.pgn
8461c619-a3ba-45fd-ad32-017f2a7819fc,202,Live Chess,Chess.com,2023.04.30,-,ballloverpgo,chhett,1-0,489,,498,,,,ballloverpgo,489,chhett,498,-9,C20,ballloverpgo won by resignation,600,2023.04.30,15:42:57,,,2024-08-16T10:41:30+0000,ballloverpgo-white.pgn
3a1ccc55-3d7f-4d5b-ae77-8053724551de,203,Live Chess,Chess.com,2023.04.30,-,ballloverpgo,kkkhfhyvpoland,1-0,515,,523,,,,ballloverpgo,515,kkkhfhyvpoland,523,-8,C45,ballloverpgo won - game abandoned,600,2023.04.30,16:06:18,,,2024-08-16T10:41:30+0000,ballloverpgo-white.pgn
6f3b0125-2ea5-41b5-ae9b-829b2baa2732,204,Live Chess,Chess.com,2023.03.19,-,ballloverpgo,PunisherAK33,0-1,800,,581,,,,PunisherAK33,581,ballloverpgo,800,-219,A00,PunisherAK33 won by checkmate,600,2023.03.19,08:02:55,,,2024-08-16T10:41:30+0000,ballloverpgo-white.pgn
